"UF";"51";"Mato Grosso";"709029";"791147";"942201";"936357";"975699";"1655975";"1560545";"1880202";"1849884";"2646966";"3330486";"3282677";"3515227";"3855191";"4705468";"4367836";"4978432";"5274809";"5758935";"6348305";"7357929";"7014744"
"ME";"5101";"  Norte Mato-grossense";"553377";"618255";"729427";"702092";"744378";"1263816";"978852";"1353844";"1283391";"1858951";"2389530";"2191854";"2413711";"2655162";"3416795";"3098049";"3623643";"3794405";"4071713";"4490907";"4942322";"4705696"
"MI";"51001";"    Aripuanã";"7120";"8050";"9520";"15715";"15745";"22600";"37570";"3650";"26193";"42163";"55955";"46503";"57245";"68690";"112220";"114706";"141431";"138540";"119511";"156119";"201724";"207163"
"MU";"5101407";"      Aripuanã";"-";"-";"-";"-";"-";"-";"100";"-";"203";"203";"505";"805";"1205";"1300";"1800";"1300";"2000";"1705";"2505";"3015";"5030";"9530"
"MU";"5101902";"      Brasnorte";"7000";"8000";"9000";"15000";"15030";"22300";"20820";"3000";"25200";"41000";"55000";"45200";"52300";"65000";"107000";"108000";"134000";"130000";"108971";"141045";"180000";"160578"
"MU";"5102850";"      Castanheira";"-";"-";"20";"5";"5";"50";"50";"300";"300";"250";"80";"50";"50";"80";"20";"20";"50";"50";"50";"244";"252";"755"
"MU";"5103254";"      Colniza";"-";"-";"-";"10";"10";"100";"200";"200";"140";"170";"170";"100";"100";"100";"300";"380";"370";"365";"515";"515";"772";"760"
"MU";"5103379";"      Cotriguaçu";"-";"-";"-";"-";"-";"-";"-";"-";"350";"540";"200";"50";"150";"200";"200";"300";"300";"500";"650";"1520";"3500";"3500"
"MU";"5105150";"      Juína";"120";"50";"500";"700";"700";"150";"150";"150";"-";"-";"-";"210";"3400";"2000";"2500";"4000";"4001";"5200";"6000";"7200";"9350";"29520"
"MU";"5105176";"      Juruena";"-";"-";"-";"-";"-";"-";"-";"-";"-";"-";"-";"88";"40";"10";"400";"706";"710";"720";"820";"2580";"2820";"2520"
"MU";"5107578";"      Rondolândia";"-";"-";"-";"-";"-";"-";"16250";"-";"-";"-";"-";"-";"-";"-";"-";"-";"-";"-";"-";"-";"-";"-"
"MI";"51002";"    Alta Floresta";"1001";"400";"220";"445";"2345";"3050";"3350";"-";"250";"300";"1660";"3420";"6618";"6300";"12767";"16800";"24000";"27000";"25921";"43060";"114659";"95043"
"MU";"5100250";"      Alta Floresta";"200";"-";"-";"295";"295";"500";"-";"-";"-";"-";"850";"2000";"3968";"3300";"9230";"12000";"15000";"15000";"11021";"20000";"58507";"46489"
"MU";"5100805";"      Apiacás";"200";"-";"-";"-";"-";"700";"-";"-";"200";"150";"-";"...";"-";"...";"...";"...";"...";"...";"400";"400";"1250";"1500"
"MU";"5102793";"      Carlinda";"301";"-";"40";"-";"-";"300";"350";"-";"-";"150";"400";"1100";"1750";"2000";"2224";"3500";"6000";"6000";"6665";"8052";"21902";"15626"
"MU";"5106158";"      Nova Bandeirantes";"-";"-";"-";"-";"-";"-";"-";"-";"-";"-";"200";"-";"-";"-";"-";"-";"-";"-";"-";"-";"-";"-"
"MU";"5108956";"      Nova Monte Verde";"-";"-";"-";"-";"1900";"700";"1400";"-";"-";"-";"-";"-";"-";"-";"290";"300";"...";"...";"1835";"6157";"12000";"12847"
"MU";"5106299";"      Paranaíta";"300";"400";"180";"150";"150";"850";"1600";"-";"50";"-";"210";"320";"900";"1000";"1023";"1000";"3000";"6000";"6000";"8451";"21000";"18581"
"MI";"51003";"    Colíder";"4431";"6657";"2170";"2150";"2050";"6300";"21862";"9020";"8684";"22400";"38702";"38100";"45472";"59700";"75613";"65500";"114409";"124700";"134953";"163843";"224220";"259044"
"MU";"5103205";"      Colíder";"-";"-";"500";"200";"200";"500";"500";"-";"100";"800";"1200";"2100";"2820";"3000";"6840";"5000";"8440";"9000";"9662";"10526";"14000";"15862"
"MU";"5104104";"      Guarantã do Norte";"700";"600";"-";"300";"300";"450";"500";"500";"500";"1000";"4000";"2000";"2548";"3500";"4000";"4300";"5900";"8000";"8800";"8800";"13000";"13000"
"MU";"5105606";"      Matupá";"1000";"1000";"500";"300";"300";"800";"212";"1000";"1500";"2000";"2000";"7000";"13982";"18000";"21000";"17000";"28300";"31000";"35000";"35000";"38000";"55000"
"MU";"5106216";"      Nova Canaã do Norte";"231";"500";"70";"150";"150";"1550";"-";"4000";"3724";"15000";"25000";"18000";"9498";"15000";"11733";"10000";"23119";"25000";"21491";"24517";"34000";"43676"
"MU";"5108808";"      Nova Guarita";"200";"1500";"100";"-";"-";"500";"-";"500";"400";"300";"3202";"2200";"2074";"2700";"5040";"3500";"6000";"7500";"5000";"10000";"17220";"13506"
"MU";"5106265";"      Novo Mundo";"1500";"1800";"200";"500";"500";"1500";"1050";"2000";"1000";"1500";"1500";"2800";"8000";"10000";"13500";"11200";"20600";"20000";"22000";"35000";"46000";"50000"
"MU";"5106422";"      Peixoto de Azevedo";"500";"600";"300";"200";"200";"1000";"600";"600";"600";"800";"800";"2000";"2750";"3000";"7500";"10000";"12850";"14200";"15000";"22000";"40000";"50000"
"MU";"5108055";"      Terra Nova do Norte";"300";"657";"500";"500";"400";"-";"19000";"420";"860";"1000";"1000";"2000";"3800";"4500";"6000";"4500";"9200";"10000";"18000";"18000";"22000";"18000"
"MI";"51004";"    Parecis";"150100";"176380";"222115";"198658";"194068";"351375";"235881";"358090";"330286";"404790";"496350";"480181";"524484";"601700";"758821";"664002";"701000";"685000";"858389";"888355";"740359";"647537"
"MU";"5102637";"      Campo Novo do Parecis";"35000";"30000";"38000";"30950";"28500";"106458";"111331";"100000";"91000";"103000";"129820";"143000";"113450";"146800";"230358";"215000";"233000";"220000";"228095";"265000";"160393";"141300"
"MU";"5102686";"      Campos de Júlio";"34000";"50000";"50667";"47520";"46770";"70642";"71550";"62090";"66200";"82790";"96175";"98181";"109114";"120400";"131129";"107002";"107000";"90000";"157601";"128000";"127000";"108000"
"MU";"5103304";"      Comodoro";"1800";"1000";"11562";"8000";"8000";"15000";"8000";"8000";"6000";"17000";"20000";"18500";"25000";"32000";"35000";"36000";"40000";"45000";"37455";"60000";"70000";"61046"
"MU";"5103502";"      Diamantino";"9120";"10580";"46481";"49298";"49298";"58660";"43000";"68000";"55086";"75400";"93400";"80500";"118580";"150600";"180500";"166000";"209000";"220000";"263351";"271314";"257811";"244856"
"MU";"5107875";"      Sapezal";"70180";"84800";"75405";"62890";"61500";"100615";"2000";"120000";"112000";"126600";"156955";"140000";"158340";"151900";"181834";"140000";"112000";"110000";"171887";"164041";"125155";"92335"
"MI";"51005";"    Arinos";"11100";"23512";"31530";"22627";"22687";"85186";"22220";"60386";"91880";"126000";"191400";"182100";"206322";"218000";"351392";"327000";"362922";"422000";"425800";"534200";"637000";"647000"
"MU";"5105101";"      Juara";"-";"30";"-";"-";"-";"900";"1500";"-";"-";"-";"1000";"2000";"10000";"10000";"20000";"18000";"16200";"18000";"20600";"32000";"59000";"55000"
"MU";"5108907";"      Nova Maringá";"1850";"5000";"4000";"1900";"1900";"18125";"2300";"20000";"30000";"35000";"45000";"50000";"40000";"58000";"83600";"80000";"91000";"110000";"100000";"110000";"160000";"140000"
"MU";"5106273";"      Novo Horizonte do Norte";"350";"-";"30";"-";"-";"720";"-";"150";"-";"-";"-";"100";"1810";"2000";"3000";"2000";"2000";"2000";"1200";"1200";"3000";"2000"
"MU";"5106802";"      Porto dos Gaúchos";"3000";"9592";"12000";"2200";"2200";"21450";"-";"4500";"20000";"25000";"30000";"35000";"59512";"60000";"97109";"92000";"103588";"120000";"120000";"137000";"150000";"180000"
"MU";"5107305";"      São José do Rio Claro";"2100";"1050";"5000";"5027";"4627";"13991";"18300";"15736";"9880";"20000";"30000";"30000";"25000";"18000";"51000";"40000";"55000";"70000";"63000";"80000";"85000";"65000"
"MU";"5107941";"      Tabaporã";"3800";"7840";"10500";"13500";"13960";"30000";"120";"20000";"32000";"46000";"85400";"65000";"70000";"70000";"96683";"95000";"95134";"102000";"121000";"174000";"180000";"205000"
"MI";"51006";"    Alto Teles Pires";"351480";"352680";"402147";"415407";"462313";"680290";"617899";"732600";"654994";"959497";"1229052";"1081050";"1161150";"1274272";"1580588";"1376380";"1577363";"1653990";"1736730";"1833830";"1929010";"1800109"
"MU";"5104526";"      Ipiranga do Norte";"...";"...";"45450";"36085";"36085";"65000";"59250";"70000";"61100";"70000";"83300";"75000";"85000";"88000";"120000";"100500";"138500";"150000";"165000";"175000";"180000";"170000"
"MU";"5104542";"      Itanhangá";"...";"...";"9000";"3090";"3080";"15000";"17600";"22000";"15000";"25000";"22000";"20000";"22000";"18000";"40000";"37500";"56000";"60000";"50000";"60000";"85000";"70000"
"MU";"5105259";"      Lucas do Rio Verde";"140000";"100290";"146248";"146902";"146902";"160000";"138000";"165000";"135330";"165263";"180440";"142000";"160450";"180450";"183075";"172600";"165600";"150000";"170000";"158000";"165000";"155000"
"MU";"5105903";"      Nobres";"200";"250";"3509";"990";"990";"1800";"1500";"600";"4640";"7472";"10130";"18000";"10000";"21435";"20991";"17790";"23030";"24480";"24080";"29830";"29010";"30109"
"MU";"5106224";"      Nova Mutum";"68080";"83000";"70240";"52517";"99433";"76250";"12400";"90000";"80500";"125400";"202200";"175150";"180150";"236887";"271703";"235000";"260000";"290000";"286000";"300000";"320000";"295000"
"MU";"5106240";"      Nova Ubiratã";"5000";"15140";"17000";"34545";"34545";"50000";"84500";"75000";"79594";"106362";"170827";"162000";"190000";"183600";"205404";"202000";"274861";"315000";"302650";"331000";"340000";"335000"
"MU";"5107768";"      Santa Rita do Trivelato";"18000";"19000";"10200";"20376";"20376";"40000";"18806";"38000";"35000";"65000";"75000";"72000";"70000";"70000";"110000";"85140";"95000";"103000";"95000";"115000";"120000";"110000"
"MU";"5107925";"      Sorriso";"55200";"100000";"60500";"94166";"94166";"230240";"104843";"230000";"210730";"350000";"413900";"371800";"396950";"422800";"529320";"432000";"468622";"466510";"544000";"535000";"535000";"500000"
"MU";"5108006";"      Tapurah";"65000";"35000";"40000";"26736";"26736";"42000";"181000";"42000";"33100";"45000";"71255";"45100";"46600";"53100";"100095";"93850";"95750";"95000";"100000";"130000";"155000";"135000"
"MI";"51007";"    Sinop";"27405";"49576";"59465";"41900";"41400";"108451";"27570";"168500";"142950";"268991";"315491";"311970";"331690";"371000";"456394";"469161";"530318";"572975";"590000";"703000";"822800";"821000"
"MU";"5103056";"      Cláudia";"3000";"3439";"6550";"3500";"3200";"12101";"8000";"18000";"17900";"29419";"33283";"35000";"46160";"55000";"65000";"57811";"71900";"69000";"61000";"86000";"88000";"95000"
"MU";"5103700";"      Feliz Natal";"900";"-";"600";"1700";"1700";"8000";"10000";"16000";"15000";"30000";"49114";"55370";"50000";"60000";"65000";"75000";"89700";"97980";"82000";"115000";"122000";"120000"
"MU";"5104559";"      Itaúba";"1500";"2561";"4800";"1000";"1000";"1650";"2000";"3000";"2000";"11000";"11000";"11000";"8000";"15000";"20000";"22000";"22000";"30000";"31000";"34000";"45000";"43000"
"MU";"5105580";"      Marcelândia";"-";"500";"800";"-";"-";"3000";"3310";"1000";"500";"7430";"10000";"13000";"14850";"20000";"22000";"22000";"21000";"33000";"30000";"48000";"85000";"85000"
"MU";"5106190";"      Nova Santa Helena";"-";"100";"500";"200";"-";"700";"-";"500";"-";"1000";"1000";"1600";"3500";"6000";"7000";"7000";"8280";"9000";"18000";"18000";"34800";"33000"
"MU";"5107248";"      Santa Carmem";"5655";"10000";"6000";"5100";"5100";"11000";"1900";"28000";"22000";"42500";"62497";"40000";"45000";"55000";"64400";"70350";"85000";"83000";"89000";"106000";"110000";"112000"
"MU";"5107909";"      Sinop";"11500";"16876";"24685";"19700";"19700";"40000";"-";"45000";"40000";"72134";"62631";"79000";"80000";"80000";"107794";"100000";"110538";"105995";"119000";"118000";"145000";"149000"
"MU";"5108303";"      União do Sul";"50";"1500";"530";"500";"500";"2000";"1460";"7000";"5550";"5000";"5000";"7000";"12180";"15000";"22000";"22000";"32140";"40000";"34000";"42000";"54000";"52000"
"MU";"5108501";"      Vera";"4800";"14600";"15000";"10200";"10200";"30000";"900";"50000";"40000";"70508";"80966";"70000";"72000";"65000";"83200";"93000";"89760";"105000";"126000";"136000";"139000";"132000"
"MI";"51008";"    Paranatinga";"740";"1000";"2260";"5190";"3770";"6564";"12500";"21598";"28154";"34810";"60920";"48530";"80730";"55500";"69000";"64500";"172200";"170200";"180409";"168500";"272550";"228800"
"MU";"5103858";"      Gaúcha do Norte";"-";"-";"400";"2000";"2000";"3700";"3015";"7030";"12000";"15000";"17300";"17800";"18000";"27000";"32000";"32000";"89000";"95000";"95000";"80000";"100000";"75000"
"MU";"5106208";"      Nova Brasilândia";"250";"200";"160";"1300";"100";"380";"1375";"180";"-";"-";"1380";"1180";"1730";"2500";"2500";"3000";"4000";"4000";"3000";"3000";"9550";"8300"
"MU";"5106307";"      Paranatinga";"300";"800";"1400";"1370";"1370";"2184";"9";"13788";"15154";"15710";"39240";"25000";"57000";"22000";"30000";"25000";"78000";"70000";"78000";"80000";"152000";"135000"
"MU";"5106455";"      Planalto da Serra";"190";"-";"300";"520";"300";"300";"8101";"600";"1000";"4100";"3000";"4550";"4000";"4000";"4500";"4500";"1200";"1200";"4409";"5500";"11000";"10500"
"ME";"5102";"  Nordeste Mato-grossense";"18200";"14760";"15171";"14871";"15121";"60080";"126477";"113303";"167039";"276162";"347589";"452595";"425357";"541506";"591181";"586293";"661075";"769977";"876898";"882936";"1307169";"1266503"
"MI";"51009";"    Norte Araguaia";"-";"3560";"800";"271";"521";"5800";"44238";"8400";"37700";"84119";"89029";"188770";"153484";"267067";"238752";"277336";"310285";"329900";"368834";"367972";"618355";"671189"
"MU";"5100359";"      Alto Boa Vista";"-";"-";"150";"-";"-";"-";"300";"-";"1100";"2000";"2000";"2000";"5000";"5000";"7470";"5000";"6200";"6200";"21405";"21405";"21405";"22919"
"MU";"5101852";"      Bom Jesus do Araguaia";"-";"-";"-";"-";"-";"1700";"3000";"500";"12000";"14181";"12000";"21700";"27734";"23917";"31600";"27734";"41800";"41800";"41800";"45800";"85000";"89793"
"MU";"5102694";"      Canabrava do Norte";"-";"-";"500";"250";"500";"-";"-";"-";"2800";"3125";"8500";"13200";"6600";"16000";"16000";"17000";"11600";"13100";"10079";"10079";"25000";"23000"
"MU";"5103353";"      Confresa";"-";"-";"-";"-";"-";"-";"-";"-";"1100";"3195";"5990";"24670";"12600";"20390";"17390";"18500";"19000";"19100";"19000";"27138";"34000";"48000"
"MU";"5105309";"      Luciara";"-";"-";"-";"-";"-";"-";"-";"-";"-";"-";"-";"-";"-";"-";"-";"35";"35";"-";"-";"-";"-";"-"
"MU";"5106315";"      Novo Santo Antônio";"-";"-";"-";"-";"-";"-";"-";"-";"-";"-";"-";"-";"-";"-";"-";"800";"800";"800";"800";"800";"800";"800"
"MU";"5106778";"      Porto Alegre do Norte";"-";"60";"150";"-";"-";"-";"-";"-";"2000";"7905";"10500";"9850";"7000";"14500";"14500";"16240";"18600";"17200";"28000";"28000";"30000";"29000"
"MU";"5107180";"      Ribeirão Cascalheira";"-";"-";"-";"-";"-";"750";"14750";"500";"2500";"2200";"5326";"18715";"12000";"12000";"9489";"9489";"10000";"25000";"28000";"15000";"45000";"40000"
"MU";"5107743";"      Santa Cruz do Xingu";"-";"-";"-";"-";"-";"-";"800";"-";"2100";"2000";"3000";"8800";"2500";"4200";"7000";"7500";"11450";"13500";"18000";"18000";"40000";"36000"
"MU";"5107776";"      Santa Terezinha";"-";"-";"-";"-";"-";"700";"10308";"-";"-";"4300";"4000";"4650";"5400";"13800";"13800";"13439";"15250";"7650";"12000";"12000";"17000";"18000"
"MU";"5107859";"      São Félix do Araguaia";"-";"-";"-";"21";"21";"2650";"14000";"7400";"9800";"11213";"12063";"40090";"47800";"101710";"67853";"101500";"105800";"105800";"104600";"104600";"200000";"218527"
"MU";"5107354";"      São José do Xingu";"-";"3500";"-";"-";"-";"-";"-";"-";"2800";"22000";"17150";"34800";"20700";"40400";"40400";"44884";"52500";"60000";"60000";"60000";"75000";"100000"
"MU";"5107883";"      Serra Nova Dourada";"-";"-";"-";"-";"-";"-";"1080";"-";"-";"-";"-";"-";"150";"150";"150";"150";"150";"150";"150";"150";"12150";"12150"
"MU";"5108600";"      Vila Rica";"-";"-";"-";"-";"-";"-";"-";"-";"1500";"12000";"8500";"10295";"6000";"15000";"13100";"15065";"17100";"19600";"25000";"25000";"33000";"33000"
"MI";"51010";"    Canarana";"18200";"11200";"14371";"14600";"14600";"54130";"82239";"104903";"126839";"188943";"258560";"262435";"270483";"272874";"351404";"307567";"348636";"435743";"502500";"490650";"664500";"572500"
"MU";"5100201";"      Água Boa";"-";"1000";"500";"-";"-";"1500";"3000";"7034";"8000";"15000";"20000";"20000";"13000";"15000";"28600";"20000";"28000";"30000";"38000";"44000";"70000";"75000"
"MU";"5102603";"      Campinápolis";"-";"-";"-";"-";"-";"-";"-";"...";"...";"...";"1000";"2500";"3800";"4300";"3500";"3500";"7500";"7500";"7500";"6000";"20000";"10000"
"MU";"5102702";"      Canarana";"5000";"-";"2000";"-";"-";"12530";"10039";"18000";"23000";"37835";"50000";"50800";"58083";"70150";"70150";"65000";"80000";"90000";"100000";"165000";"165000";"110000"
"MU";"5106174";"      Nova Nazaré";"-";"-";"-";"-";"-";"-";"3900";"...";"...";"-";"1000";"1000";"500";"1000";"1000";"1200";"3000";"2500";"2500";"3150";"4000";"5000"
"MU";"5106257";"      Nova Xavantina";"-";"-";"-";"-";"...";"500";"-";"2335";"5000";"9200";"9200";"8500";"9000";"10600";"9500";"6000";"11000";"11000";"9000";"17000";"10000";"12000"
"MU";"5106281";"      Novo São Joaquim";"5200";"5000";"6371";"7800";"7800";"12000";"61500";"28864";"26500";"33400";"35500";"34680";"32600";"26924";"41144";"39087";"37136";"31743";"35500";"35500";"35500";"35500"
"MU";"5107065";"      Querência";"-";"200";"-";"-";"-";"5600";"-";"12000";"29039";"49408";"86420";"96455";"105000";"105300";"136250";"112780";"122000";"200000";"240000";"150000";"280000";"250000"
"MU";"5107792";"      Santo Antônio do Leste";"8000";"5000";"5500";"6800";"6800";"22000";"3800";"36670";"35300";"44100";"55440";"48500";"48500";"39600";"61260";"60000";"60000";"63000";"70000";"70000";"80000";"75000"
"MI";"51011";"    Médio Araguaia";"-";"-";"-";"-";"-";"150";"-";"-";"2500";"3100";"-";"1390";"1390";"1565";"1025";"1390";"2154";"4334";"5564";"24314";"24314";"22814"
"MU";"5101001";"      Araguaiana";"-";"-";"-";"-";"-";"-";"-";"-";"-";"-";"-";"-";"...";"...";"300";"400";"464";"564";"564";"3564";"3564";"2064"
"MU";"5101803";"      Barra do Garças";"-";"-";"-";"-";"-";"150";"-";"...";"2500";"3100";"...";"1390";"1390";"1065";"235";"500";"1200";"2000";"3000";"17000";"17000";"17000"
"MU";"5103106";"      Cocalinho";"-";"-";"-";"-";"-";"-";"-";"-";"-";"...";"...";"-";"...";"500";"490";"490";"490";"1770";"2000";"3750";"3750";"3750"
"ME";"5103";"  Sudoeste Mato-grossense";"7600";"7536";"13362";"11284";"12284";"23760";"133750";"25240";"18712";"24476";"30392";"36293";"41399";"57730";"85139";"73341";"79239";"81776";"107979";"124422";"126788";"67769"
"MI";"51012";"    Alto Guaporé";"2600";"200";"-";"480";"480";"2500";"8930";"6600";"5800";"6300";"5704";"13400";"13786";"17466";"17750";"21510";"27033";"30200";"38963";"42038";"51750";"18670"
"MU";"5103361";"      Conquista D'Oeste";"-";"200";"-";"-";"-";"-";"-";"-";"-";"-";"-";"-";"1250";"1580";"2000";"1600";"3043";"3450";"3450";"4525";"6025";"1200"
"MU";"5106182";"      Nova Lacerda";"2600";"-";"-";"-";"-";"800";"380";"1600";"1800";"1800";"1204";"7000";"900";"1920";"4150";"2840";"5250";"5055";"9013";"9013";"12400";"4100"
"MU";"5106752";"      Pontes e Lacerda";"-";"-";"-";"300";"300";"1500";"-";"3000";"2000";"2500";"2500";"4000";"5437";"5150";"6800";"7420";"7850";"8500";"11500";"13500";"13500";"4100"
"MU";"5108352";"      Vale de São Domingos";"-";"-";"-";"-";"-";"-";"8550";"-";"-";"-";"-";"-";"...";"3000";"-";"3000";"-";"-";"-";"-";"-";"-"
"MU";"5105507";"      Vila Bela da Santíssima Trindade";"-";"-";"-";"180";"180";"200";"-";"2000";"2000";"2000";"2000";"2400";"6199";"5816";"4800";"6650";"10890";"13195";"15000";"15000";"19825";"9270"
"MI";"51013";"    Tangará da Serra";"5000";"7000";"13100";"10492";"11492";"20500";"30000";"18000";"12600";"17802";"23668";"21573";"26643";"38749";"65489";"50291";"51266";"50776";"67956";"81362";"73938";"48749"
"MU";"5101704";"      Barra do Bugres";"-";"-";"200";"192";"192";"-";"-";"-";"-";"-";"-";"-";"200";"200";"200";"200";"200";"200";"200";"474";"600";"600"
"MU";"5103452";"      Denise";"-";"-";"-";"-";"-";"-";"-";"-";"-";"2";"...";"...";"1203";"1203";"1203";"10";"1010";"510";"510";"510";"60";"1527"
"MU";"5106232";"      Nova Olímpia";"-";"-";"-";"-";"1000";"-";"300";"-";"-";"-";"-";"-";"-";"-";"-";"1";"1";"1";"1";"133";"133";"353"
"MU";"5106851";"      Porto Estrela";"-";"-";"-";"-";"-";"-";"1000";"-";"-";"-";"-";"-";"-";"30";"40";"80";"10";"20";"200";"200";"300";"360"
"MU";"5107958";"      Tangará da Serra";"5000";"7000";"12900";"10300";"10300";"20500";"28700";"18000";"12600";"17800";"23668";"21573";"25240";"37316";"64046";"50000";"50045";"50045";"67045";"80045";"72845";"45909"
"MI";"51014";"    Jauru";"-";"336";"262";"312";"312";"760";"94820";"640";"312";"374";"1020";"1320";"970";"1515";"1900";"1540";"940";"800";"1060";"1022";"1100";"350"
"MU";"5101258";"      Araputanga";"-";"-";"-";"-";"-";"-";"-";"-";"-";"-";"-";"100";"120";"200";"200";"420";"-";"-";"-";"-";"-";"-"
"MU";"5103809";"      Figueirópolis D'Oeste";"-";"-";"-";"-";"-";"-";"-";"200";"100";"154";"150";"150";"-";"-";"-";"-";"-";"-";"-";"-";"-";"-"
"MU";"5103957";"      Glória D'Oeste";"-";"-";"50";"100";"100";"-";"-";"-";"-";"-";"-";"-";"-";"-";"-";"-";"-";"-";"-";"-";"-";"-"
"MU";"5104500";"      Indiavaí";"-";"-";"-";"-";"-";"-";"-";"-";"-";"-";"-";"-";"-";"-";"-";"-";"-";"-";"-";"-";"-";"-"
"MU";"5105002";"      Jauru";"-";"-";"-";"-";"-";"-";"-";"-";"-";"-";"-";"-";"-";"-";"-";"-";"-";"-";"-";"-";"-";"-"
"MU";"5105234";"      Lambari D'Oeste";"-";"-";"-";"-";"-";"160";"-";"-";"-";"-";"-";"-";"-";"-";"-";"520";"250";"300";"300";"300";"150";"50"
"MU";"5105622";"      Mirassol d'Oeste";"-";"288";"-";"-";"-";"600";"-";"440";"212";"220";"620";"820";"600";"700";"700";"-";"-";"-";"-";"-";"-";"-"
"MU";"5106828";"      Porto Esperidião";"-";"48";"-";"-";"-";"-";"6800";"-";"-";"-";"-";"-";"-";"-";"-";"-";"-";"-";"-";"-";"-";"-"
"MU";"5107156";"      Reserva do Cabaçal";"-";"-";"-";"-";"-";"-";"71100";"-";"-";"-";"-";"-";"-";"-";"-";"-";"-";"-";"-";"-";"...";"-"
"MU";"5107206";"      Rio Branco";"-";"-";"-";"-";"-";"-";"1300";"-";"-";"-";"-";"-";"-";"-";"-";"-";"-";"-";"-";"-";"-";"-"
"MU";"5107750";"      Salto do Céu";"-";"-";"-";"-";"-";"-";"1020";"-";"-";"-";"-";"-";"-";"615";"500";"600";"390";"200";"460";"422";"800";"200"
"MU";"5107107";"      São José dos Quatro Marcos";"-";"-";"212";"212";"212";"-";"14600";"-";"-";"-";"250";"250";"250";"-";"500";"-";"300";"300";"300";"300";"150";"100"
"ME";"5104";"  Centro-Sul Mato-grossense";"10647";"17546";"21008";"19763";"18069";"25243";"74476";"26772";"25029";"38558";"45389";"46435";"48584";"49455";"55150";"64078";"72770";"78565";"76365";"90630";"109740";"108776"
"MI";"51015";"    Alto Paraguai";"2122";"650";"1745";"4234";"4234";"7000";"28590";"10200";"10350";"12000";"16030";"15730";"22700";"23700";"31500";"23900";"31500";"34000";"35226";"37400";"49250";"40372"
"MU";"5100508";"      Alto Paraguai";"600";"-";"200";"2000";"2000";"2800";"2800";"3200";"2500";"2500";"2500";"2500";"2500";"2500";"3000";"3000";"4000";"4000";"4000";"4000";"6000";"4000"
"MU";"5101308";"      Arenápolis";"-";"-";"-";"-";"-";"-";"150";"...";"150";"400";"400";"200";"200";"200";"500";"500";"500";"2000";"2000";"4000";"5000";"4500"
"MU";"5106000";"      Nortelândia";"800";"150";"425";"1050";"1050";"1500";"500";"4500";"4500";"4500";"4500";"3000";"3000";"3000";"10000";"6000";"12000";"16000";"20003";"20000";"25000";"18000"
"MU";"5108857";"      Nova Marilândia";"722";"500";"1000";"1000";"1000";"2500";"25140";"2000";"2000";"4100";"5000";"5000";"10000";"10000";"10000";"8000";"8000";"5000";"1323";"1500";"3600";"3600"
"MU";"5107263";"      Santo Afonso";"-";"-";"120";"184";"184";"200";"-";"500";"1200";"500";"3630";"5030";"7000";"8000";"8000";"6400";"7000";"7000";"7900";"7900";"9650";"10272"
"MI";"51016";"    Rosário Oeste";"-";"-";"800";"500";"500";"20";"24960";"-";"1138";"2970";"4170";"6500";"3992";"2775";"5490";"6698";"7780";"10805";"7486";"10790";"21250";"13754"
"MU";"5100102";"      Acorizal";"-";"-";"-";"-";"-";"-";"-";"-";"-";"-";"-";"-";"-";"-";"-";"-";"-";"...";"...";"...";"...";"..."
"MU";"5104906";"      Jangada";"-";"-";"-";"-";"-";"20";"-";"-";"-";"-";"-";"-";"-";"-";"-";"40";"40";"825";"700";"610";"250";"100"
"MU";"5107701";"      Rosário Oeste";"-";"-";"800";"500";"500";"-";"24960";"-";"1138";"2970";"4170";"6500";"3992";"2775";"5490";"6658";"7740";"9980";"6786";"10180";"21000";"13654"
"MI";"51017";"    Cuiabá";"8525";"16896";"18463";"15029";"13335";"17965";"8626";"16092";"13201";"21462";"23189";"21119";"20912";"21200";"16200";"31600";"31400";"31500";"31300";"38520";"35420";"51250"
"MU";"5103007";"      Chapada dos Guimarães";"2425";"7176";"10000";"8149";"6335";"8045";"8176";"7092";"6750";"11040";"11921";"10124";"9732";"10000";"4500";"20000";"20000";"20000";"20000";"18000";"22300";"20000"
"MU";"5103403";"      Cuiabá";"-";"-";"-";"-";"-";"-";"-";"-";"-";"-";"-";"-";"-";"-";"-";"-";"-";"...";"...";"...";"350";"580"
"MU";"5106109";"      Nossa Senhora do Livramento";"-";"-";"-";"-";"-";"-";"450";"-";"-";"-";"-";"-";"180";"200";"200";"600";"400";"500";"300";"2520";"1270";"670"
"MU";"5107800";"      Santo Antônio de Leverger";"6100";"9720";"8463";"6880";"7000";"9920";"-";"9000";"6451";"10422";"11268";"10995";"11000";"11000";"11500";"11000";"11000";"11000";"11000";"18000";"11500";"30000"
"MU";"5108402";"      Várzea Grande";"-";"-";"-";"-";"-";"-";"-";"-";"-";"-";"-";"-";"-";"-";"-";"-";"-";"-";"-";"-";"-";"-"
"MI";"51018";"    Alto Pantanal";"-";"-";"-";"-";"-";"258";"12300";"480";"340";"2126";"2000";"3086";"980";"1780";"1960";"1880";"2090";"2260";"2353";"3920";"3820";"3400"
"MU";"5101605";"      Barão de Melgaço";"-";"-";"-";"-";"-";"-";"-";"-";"8";"-";"-";"-";"-";"-";"-";"-";"-";"...";"...";"40";"40";"50"
"MU";"5102504";"      Cáceres";"-";"-";"-";"-";"-";"250";"500";"480";"300";"2106";"2000";"3000";"700";"1700";"1700";"1700";"1850";"1700";"2053";"3300";"3300";"3000"
"MU";"5103437";"      Curvelândia";"-";"-";"-";"-";"-";"-";"-";"-";"-";"-";"-";"-";"-";"-";"-";"-";"-";"-";"-";"-";"-";"-"
"MU";"5106505";"      Poconé";"-";"-";"-";"-";"-";"8";"11800";"-";"32";"20";"-";"86";"280";"80";"260";"180";"240";"560";"300";"580";"480";"350"
"ME";"5105";"  Sudeste Mato-grossense";"119205";"133050";"163233";"188347";"185847";"283076";"246990";"361043";"355713";"448819";"517586";"555500";"586176";"551338";"557203";"546075";"541705";"550086";"625980";"759410";"871910";"866000"
"MI";"51019";"    Primavera do Leste";"55234";"56000";"79253";"85856";"84756";"135348";"62570";"152800";"158711";"174405";"194350";"206860";"199860";"193700";"203880";"179500";"180500";"181600";"243000";"285000";"345000";"315000"
"MU";"5102678";"      Campo Verde";"30000";"35000";"56390";"61590";"61090";"68498";"62570";"72800";"70720";"78680";"84730";"93660";"86660";"86000";"90880";"86500";"80500";"81600";"93000";"100000";"115000";"110000"
"MU";"5107040";"      Primavera do Leste";"25234";"21000";"22863";"24266";"23666";"66850";"-";"80000";"87991";"95725";"109620";"113200";"113200";"107700";"113000";"93000";"100000";"100000";"150000";"185000";"230000";"205000"
"MI";"51020";"    Tesouro";"11300";"16250";"15620";"19900";"19900";"44300";"73240";"49500";"53300";"73519";"88355";"98065";"107932";"91897";"108123";"97075";"95770";"102886";"110550";"142980";"157980";"152600"
"MU";"5101209";"      Araguainha";"...";"-";"-";"-";"-";"-";"-";"-";"...";"-";"-";"15";"15";"60";"60";"60";"60";"60";"300";"530";"530";"500"
"MU";"5103908";"      General Carneiro";"-";"-";"120";"-";"-";"15000";"15000";"12000";"12000";"14050";"22380";"26120";"26120";"23170";"25299";"24034";"21630";"27976";"25000";"35000";"35000";"35000"
"MU";"5104203";"      Guiratinga";"2500";"5000";"4000";"9000";"9000";"8500";"9000";"9500";"9500";"21000";"24400";"25000";"30987";"25000";"29000";"25000";"25000";"25000";"25000";"35000";"35000";"31000"
"MU";"5106653";"      Pontal do Araguaia";"-";"-";"-";"-";"-";"-";"540";"-";"-";"-";"...";"...";"...";"...";"1200";"440";"530";"250";"250";"450";"450";"1000"
"MU";"5106703";"      Ponte Branca";"-";"-";"-";"-";"-";"-";"700";"-";"...";"...";"...";"...";"...";"...";"...";"...";"...";"...";"...";"...";"...";"100"
"MU";"5107008";"      Poxoréu";"7800";"8000";"8000";"7500";"7500";"12000";"6400";"16000";"18000";"21620";"25300";"27600";"26660";"24400";"30348";"25325";"25000";"26000";"30000";"45000";"47000";"40000"
"MU";"5107198";"      Ribeirãozinho";"-";"-";"-";"-";"-";"800";"-";"3500";"6800";"6800";"5560";"5230";"7539";"6267";"9000";"9000";"9000";"9000";"15000";"9000";"14000";"17000"
"MU";"5108105";"      Tesouro";"1000";"3250";"3500";"3400";"3400";"8000";"13000";"8000";"7000";"9500";"9500";"12000";"14511";"12000";"12000";"12000";"12000";"12000";"12000";"12000";"20000";"20000"
"MU";"5108204";"      Torixoréu";"-";"-";"-";"-";"-";"-";"28600";"500";"-";"549";"1215";"2100";"2100";"1000";"1216";"1216";"2550";"2600";"3000";"6000";"6000";"8000"
"MI";"51021";"    Rondonópolis";"39171";"52300";"55960";"70091";"68691";"75078";"80420";"118383";"106514";"160612";"180481";"179490";"199195";"184450";"196000";"187500";"183435";"183600";"188430";"244430";"265930";"281400"
"MU";"5103601";"      Dom Aquino";"10185";"11000";"11550";"12874";"12474";"11120";"11120";"14390";"12800";"15350";"13195";"13510";"16520";"16300";"18000";"16500";"15135";"15300";"17000";"17000";"17000";"17000"
"MU";"5104609";"      Itiquira";"10640";"20000";"16000";"18000";"18000";"18180";"27000";"54293";"50000";"83000";"95000";"90000";"98000";"90000";"95000";"90000";"90000";"90000";"90000";"110000";"123000";"124000"
"MU";"5104807";"      Jaciara";"6106";"6000";"9610";"9923";"9923";"11400";"11460";"13000";"11214";"13738";"14638";"13124";"14210";"14270";"15000";"14000";"13000";"13000";"15000";"24000";"27500";"30000"
"MU";"5105200";"      Juscimeira";"3500";"4800";"6800";"11794";"11794";"10700";"10700";"10700";"9500";"8524";"10755";"12500";"12500";"11880";"12000";"12000";"11000";"11000";"12000";"13000";"13000";"15000"
"MU";"5106372";"      Pedra Preta";"5240";"8000";"6500";"9500";"8500";"10478";"19600";"11000";"8000";"12000";"18693";"22056";"24160";"25000";"26000";"25000";"25000";"25000";"25000";"34000";"34000";"40000"
"MU";"5107602";"      Rondonópolis";"3500";"2500";"5500";"8000";"8000";"13200";"-";"15000";"15000";"28000";"28000";"28000";"33505";"26000";"28000";"28000";"28000";"28000";"28000";"45000";"50000";"54000"
"MU";"5107297";"      São José do Povo";"-";"-";"-";"-";"-";"-";"500";"-";"-";"-";"-";"-";"-";"-";"-";"-";"-";"-";"-";"-";"-";"-"
"MU";"5107404";"      São Pedro da Cipa";"-";"-";"-";"-";"-";"-";"40";"-";"-";"-";"200";"300";"300";"1000";"2000";"2000";"1300";"1300";"1430";"1430";"1430";"1400"
"MI";"51022";"    Alto Araguaia";"13500";"8500";"12400";"12500";"12500";"28350";"30760";"40360";"37188";"40283";"54400";"71085";"79189";"81291";"49200";"82000";"82000";"82000";"84000";"87000";"103000";"117000"
"MU";"5100300";"      Alto Araguaia";"2500";"1500";"1400";"1500";"1500";"2000";"2000";"7860";"4283";"4283";"8000";"10000";"13004";"10591";"12000";"12000";"12000";"12000";"12000";"12000";"12000";"15000"
"MU";"5100409";"      Alto Garças";"5000";"2000";"4000";"6000";"6000";"8350";"12760";"16000";"13000";"15000";"25400";"29085";"30677";"33000";"36000";"35000";"35000";"35000";"35000";"30000";"45000";"60000"
"MU";"5100607";"      Alto Taquari";"6000";"5000";"7000";"5000";"5000";"18000";"16000";"16500";"19905";"21000";"21000";"32000";"35508";"37700";"1200";"35000";"35000";"35000";"37000";"45000";"46000";"42000"
