"UF";"51";"Mato Grosso";"3601";"3655";"3323";"3978";"3957";"4239";"4965";"4070";"4016";"5697";"5911";"5413";"5978";"4086";"6253";"5923";"6272";"6331";"5516";"5974";"6771";"6708"
"ME";"5101";"  Norte Mato-grossense";"3513";"3502";"3214";"3877";"3891";"4206";"5112";"3991";"3951";"5652";"6001";"5252";"5842";"4102";"6342";"5966";"6209";"6319";"5423";"6030";"6860";"6793"
"MI";"51001";"    Aripuanã";"3560";"2993";"2918";"3917";"3086";"5232";"5134";"976";"3532";"5392";"5264";"5547";"5789";"3623";"6264";"6402";"6139";"6504";"5928";"6049";"6733";"6988"
"MU";"5101407";"      Aripuanã";"-";"-";"-";"-";"-";"-";"1000";"-";"1502";"1502";"5362";"4780";"5384";"4200";"4800";"6000";"5700";"5301";"5202";"6000";"6000";"6100"
"MU";"5101902";"      Brasnorte";"3600";"3000";"3000";"3990";"3120";"5280";"5400";"798";"3599";"5493";"5291";"5583";"5886";"3600";"6299";"6453";"6179";"6600";"6000";"6090";"6840";"7080"
"MU";"5102850";"      Castanheira";"-";"-";"1500";"1600";"1800";"1800";"1800";"2000";"2000";"2000";"2000";"2000";"2000";"2000";"2500";"3000";"3600";"3000";"3100";"5504";"5901";"5901"
"MU";"5103254";"      Colniza";"-";"-";"-";"1500";"1500";"1500";"1500";"1500";"1500";"1500";"1500";"2000";"2000";"2000";"3500";"4013";"3108";"2923";"3064";"3559";"5408";"5405"
"MU";"5103379";"      Cotriguaçu";"-";"-";"-";"-";"-";"-";"-";"-";"2000";"2000";"2000";"2200";"2500";"2500";"2500";"4200";"4200";"3060";"3600";"5800";"5900";"5900"
"MU";"5105150";"      Juína";"1200";"1800";"1500";"2400";"2400";"1800";"1800";"1800";"-";"-";"-";"5571";"4800";"4200";"6600";"5700";"5699";"5400";"5600";"5600";"5800";"7075"
"MU";"5105176";"      Juruena";"-";"-";"-";"-";"-";"-";"-";"-";"-";"-";"-";"2000";"1500";"2800";"5400";"5538";"4817";"4379";"4829";"5802";"5801";"5802"
"MU";"5107578";"      Rondolândia";"-";"-";"-";"-";"-";"-";"4903";"-";"-";"-";"-";"-";"-";"-";"-";"-";"-";"-";"-";"-";"-";"-"
"MI";"51002";"    Alta Floresta";"3198";"3000";"2891";"3863";"4136";"3030";"4758";"-";"3480";"3900";"4200";"4228";"5700";"4200";"5475";"4818";"5325";"5700";"4816";"5351";"6305";"6030"
"MU";"5100250";"      Alta Floresta";"6000";"-";"-";"4200";"4200";"3600";"-";"-";"-";"-";"4200";"4200";"5700";"4200";"5700";"4800";"5100";"5700";"4800";"5500";"6300";"6300"
"MU";"5100805";"      Apiacás";"2400";"-";"-";"-";"-";"3000";"-";"-";"3600";"4200";"-";"...";"-";"...";"...";"...";"...";"...";"5100";"5100";"5100";"6000"
"MU";"5102793";"      Carlinda";"3179";"-";"2400";"-";"-";"3000";"2000";"-";"-";"3600";"4200";"4200";"5700";"3900";"4800";"4800";"6000";"5700";"4800";"4800";"6600";"6000"
"MU";"5106158";"      Nova Bandeirantes";"-";"-";"-";"-";"-";"-";"-";"-";"-";"-";"4200";"-";"-";"-";"-";"-";"-";"-";"-";"-";"-";"-"
"MU";"5108956";"      Nova Monte Verde";"-";"-";"-";"-";"4200";"2700";"3600";"-";"-";"-";"-";"-";"-";"-";"4800";"4800";"...";"...";"4959";"5401";"5400";"6000"
"MU";"5106299";"      Paranaíta";"3000";"3000";"3000";"3200";"3200";"3000";"6375";"-";"3000";"-";"4200";"4500";"5700";"4800";"5100";"5100";"5100";"5700";"4800";"5500";"6600";"5402"
"MI";"51003";"    Colíder";"2788";"3076";"2904";"2812";"3061";"3546";"2942";"2875";"4021";"4626";"4822";"4357";"5296";"3714";"5409";"4789";"6333";"6151";"4900";"5693";"6720";"6403"
"MU";"5103205";"      Colíder";"-";"-";"3000";"2700";"2700";"3000";"2000";"-";"4200";"4200";"4200";"4500";"5700";"4800";"5600";"5400";"5520";"5700";"4800";"5500";"6600";"6000"
"MU";"5104104";"      Guarantã do Norte";"2700";"2700";"-";"2900";"2900";"3600";"3200";"3000";"3600";"4800";"4800";"4500";"4980";"3240";"4800";"4200";"6600";"6000";"5340";"5850";"6720";"6600"
"MU";"5105606";"      Matupá";"3000";"3000";"3000";"3000";"3000";"3360";"5226";"3000";"4000";"4200";"5400";"4500";"5400";"3240";"5700";"4800";"6914";"6600";"5000";"5805";"6960";"6650"
"MU";"5106216";"      Nova Canaã do Norte";"3602";"3600";"3600";"2700";"2700";"3000";"-";"2800";"4200";"4800";"4800";"4198";"5700";"4200";"5418";"4800";"5700";"5700";"4800";"5500";"6600";"6000"
"MU";"5108808";"      Nova Guarita";"2400";"3500";"3300";"-";"-";"3000";"-";"3500";"3600";"4200";"4800";"4500";"6000";"3877";"4800";"4800";"5100";"5700";"4800";"5400";"6300";"6000"
"MU";"5106265";"      Novo Mundo";"2820";"2880";"2800";"2700";"3800";"4920";"1429";"3000";"4000";"4000";"5400";"4500";"5100";"3900";"5700";"4700";"6700";"6360";"4800";"5760";"6840";"6500"
"MU";"5106422";"      Peixoto de Azevedo";"2400";"2880";"2700";"2900";"2900";"3000";"3000";"3500";"4200";"4500";"4500";"4500";"4800";"3120";"5100";"4800";"6400";"6600";"4800";"5780";"6720";"6500"
"MU";"5108055";"      Terra Nova do Norte";"2400";"2880";"2700";"2800";"2700";"-";"3016";"900";"3600";"4200";"4500";"4500";"4200";"3420";"4800";"4800";"6600";"5700";"4900";"5700";"6648";"6600"
"MI";"51004";"    Parecis";"3409";"3907";"3434";"3889";"3919";"4515";"5204";"3636";"3551";"5798";"5796";"5610";"6244";"4758";"6127";"6185";"6344";"6144";"6095";"5381";"7001";"6757"
"MU";"5102637";"      Campo Novo do Parecis";"3600";"3300";"3393";"4093";"4223";"4579";"5097";"3780";"3600";"5485";"5657";"5505";"6238";"4428";"6305";"6258";"6494";"6120";"6450";"5880";"6798";"7041"
"MU";"5102686";"      Campos de Júlio";"3000";"3900";"3960";"3802";"3822";"4807";"5796";"3000";"3589";"5933";"5975";"5859";"6509";"4800";"6459";"6516";"6463";"7200";"7200";"6000";"7920";"7500"
"MU";"5103304";"      Comodoro";"3600";"3000";"3000";"2400";"2400";"3600";"4300";"3000";"2700";"5400";"5100";"5100";"5700";"4500";"5700";"6000";"5700";"5500";"5700";"5100";"6600";"6300"
"MU";"5103502";"      Diamantino";"2637";"3400";"2700";"3601";"3600";"4620";"4680";"4320";"3420";"5870";"5691";"5289";"5792";"4198";"5696";"5693";"6036";"5520";"5400";"4380";"6540";"6212"
"MU";"5107875";"      Sapezal";"3607";"4200";"3603";"4268";"4306";"4319";"4800";"3500";"3598";"5975";"5953";"5794";"6490";"5676";"6174";"6450";"6723";"6840";"5760";"5850";"7500";"7200"
"MI";"51005";"    Arinos";"2563";"3253";"2815";"3054";"2953";"3459";"3609";"3075";"3618";"4769";"5294";"4201";"5251";"3488";"5782";"5272";"5902";"6061";"4864";"5810";"6730";"6488"
"MU";"5105101";"      Juara";"-";"1800";"-";"-";"-";"2800";"2700";"-";"-";"-";"4800";"4800";"4800";"3600";"5400";"4700";"6000";"5406";"4100";"5810";"6600";"6900"
"MU";"5108907";"      Nova Maringá";"2350";"2700";"2400";"3300";"3300";"3090";"2258";"2400";"3300";"4500";"4900";"3600";"4800";"2880";"5280";"5280";"5505";"5700";"4500";"5700";"6600";"6000"
"MU";"5106273";"      Novo Horizonte do Norte";"2700";"-";"1700";"-";"-";"2500";"-";"4200";"-";"-";"-";"4200";"4500";"3300";"5100";"4600";"6240";"6000";"4500";"5600";"6600";"6500"
"MU";"5106802";"      Porto dos Gaúchos";"3000";"3780";"2700";"2850";"2850";"3900";"-";"3200";"3800";"4200";"5580";"3800";"5400";"3600";"5880";"4900";"6240";"6600";"5400";"5900";"6960";"6900"
"MU";"5107305";"      São José do Rio Claro";"2400";"3000";"3072";"3197";"3300";"3908";"3816";"3600";"3300";"4500";"4800";"4200";"5100";"2700";"5400";"5100";"5400";"5700";"4800";"5700";"6300";"5700"
"MU";"5107941";"      Tabaporã";"2400";"3000";"3000";"3000";"2807";"3200";"2000";"3300";"3900";"5400";"5580";"4860";"5520";"4080";"6420";"5820";"6180";"6180";"4800";"5860";"6900";"6600"
"MI";"51006";"    Alto Teles Pires";"3672";"3411";"3201";"4004";"4029";"4173";"5266";"4388";"4205";"5885";"6299";"5439";"5832";"4130";"6706";"6103";"6290";"6514";"5271";"6487";"6982";"6990"
"MU";"5104526";"      Ipiranga do Norte";"...";"...";"2996";"3915";"3915";"3741";"4950";"3800";"4318";"5550";"6240";"5100";"5400";"4200";"5700";"5316";"6054";"6420";"4755";"6100";"7088";"6780"
"MU";"5104542";"      Itanhangá";"...";"...";"3000";"3296";"3300";"3600";"4200";"3200";"3750";"4200";"4500";"3900";"4800";"3000";"5100";"4800";"4080";"5400";"4500";"5900";"5880";"6000"
"MU";"5105259";"      Lucas do Rio Verde";"4200";"3311";"3619";"4051";"4051";"4303";"5865";"4800";"4447";"6594";"6695";"5392";"5397";"4797";"6893";"6370";"6290";"6720";"5280";"6450";"7125";"7020"
"MU";"5105903";"      Nobres";"3600";"4280";"3000";"3420";"3420";"4200";"4200";"4200";"3960";"4200";"4800";"4800";"4879";"3600";"5414";"4898";"4943";"5460";"4500";"5187";"5394";"5280"
"MU";"5106224";"      Nova Mutum";"3470";"3600";"2710";"4140";"4191";"4200";"3765";"4400";"3891";"6186";"6149";"5697";"5398";"4319";"6420";"5880";"6120";"6300";"5280";"6400";"7200";"7100"
"MU";"5106240";"      Nova Ubiratã";"3060";"3334";"3000";"3556";"3556";"4200";"5517";"4300";"4507";"5700";"6428";"5822";"5820";"3220";"7093";"6291";"6600";"6660";"5438";"6480";"7080";"7200"
"MU";"5107768";"      Santa Rita do Trivelato";"3600";"3400";"2198";"4000";"4000";"4156";"5411";"3660";"3600";"6180";"5880";"5400";"5100";"3240";"6300";"5403";"6180";"6120";"4500";"5700";"6720";"6600"
"MU";"5107925";"      Sorriso";"3312";"3300";"3025";"4200";"4200";"4202";"5333";"4600";"4210";"5700";"6422";"5400";"6600";"4339";"7258";"6600";"6777";"6840";"5666";"7080";"7140";"7320"
"MU";"5108006";"      Tapurah";"3120";"3600";"3360";"3600";"3600";"4325";"4956";"4000";"3898";"5625";"5985";"5098";"5098";"3899";"5999";"5698";"5548";"6300";"4725";"6100";"6600";"6450"
"MI";"51007";"    Sinop";"2599";"2987";"2835";"3123";"3109";"3891";"4193";"3626";"3946";"5279";"5925";"4854";"5777";"3638";"6188";"5947";"6190";"6223";"5175";"5965";"6944";"6987"
"MU";"5103056";"      Cláudia";"3000";"3000";"2400";"3000";"2781";"4000";"4200";"3300";"3900";"5281";"5703";"4200";"5705";"3060";"6300";"5880";"6120";"5880";"5280";"5940";"6900";"7020"
"MU";"5103700";"      Feliz Natal";"3180";"-";"4680";"3300";"3300";"3200";"4961";"3300";"4200";"5400";"6360";"5100";"5700";"3300";"6300";"5940";"6120";"6060";"4800";"5760";"6900";"7020"
"MU";"5104559";"      Itaúba";"2500";"2880";"2700";"2900";"2900";"3300";"2700";"3300";"4200";"4800";"4800";"4800";"5100";"3000";"5100";"4700";"6800";"6300";"4200";"5810";"6660";"6800"
"MU";"5105580";"      Marcelândia";"-";"2700";"1800";"-";"-";"4800";"3000";"3300";"3600";"4000";"5400";"3900";"5400";"3000";"5400";"4900";"4500";"6600";"4300";"5790";"6900";"6600"
"MU";"5106190";"      Nova Santa Helena";"-";"3000";"3000";"2700";"-";"3000";"-";"3600";"-";"4800";"4800";"4500";"4800";"3600";"5100";"4700";"6600";"5700";"4200";"5700";"6913";"6600"
"MU";"5107248";"      Santa Carmem";"2400";"3000";"3000";"3200";"3200";"4000";"5716";"3480";"3900";"5400";"5820";"4980";"5880";"4500";"6540";"6304";"6180";"6120";"5700";"6120";"7020";"7020"
"MU";"5107909";"      Sinop";"2640";"3000";"3000";"3200";"3200";"4200";"-";"4200";"3900";"5280";"5641";"4920";"6060";"4320";"6360";"6480";"6360";"6420";"5520";"6100";"7080";"7080"
"MU";"5108303";"      União do Sul";"3000";"2880";"3000";"2700";"2700";"3000";"2692";"1860";"4200";"4800";"4800";"4200";"5400";"3600";"5580";"4800";"6600";"6300";"5100";"5750";"6720";"7000"
"MU";"5108501";"      Vera";"2400";"3000";"2700";"3000";"3000";"3600";"2533";"3600";"3900";"5404";"6356";"5100";"5760";"3180";"6240";"6060";"6180";"6360";"5280";"6120";"7020";"7200"
"MI";"51008";"    Paranatinga";"1804";"2880";"1721";"3251";"3342";"3614";"4231";"2769";"4223";"4597";"5732";"4530";"5499";"2198";"5532";"5159";"5713";"6170";"5976";"5926";"6115";"6100"
"MU";"5103858";"      Gaúcha do Norte";"-";"-";"1800";"3600";"3600";"3186";"4549";"2836";"4500";"4980";"4730";"2241";"5100";"2400";"5780";"4800";"5700";"6150";"6150";"6150";"6100";"6050"
"MU";"5106208";"      Nova Brasilândia";"2400";"3200";"3200";"3000";"2400";"3000";"3137";"1500";"-";"-";"3357";"5700";"4800";"1800";"4240";"4800";"4800";"6150";"4500";"4500";"6150";"6000"
"MU";"5106307";"      Paranatinga";"1500";"2800";"1500";"3000";"3000";"4367";"2000";"2767";"4020";"4213";"6245";"6000";"5700";"1800";"5700";"6000";"5820";"6200";"5820";"5820";"6120";"6180"
"MU";"5106455";"      Planalto da Serra";"1500";"-";"2400";"3200";"3500";"4200";"4301";"2400";"3983";"4665";"5880";"5100";"4740";"2400";"3367";"3180";"2800";"6000";"6000";"5000";"6150";"5500"
"ME";"5102";"  Nordeste Mato-grossense";"3670";"3403";"3482";"4758";"4679";"4205";"4852";"3747";"4204";"5336";"5731";"5529";"6257";"3265";"5826";"5783";"6368";"6394";"5879";"5689";"6418";"6518"
"MI";"51009";"    Norte Araguaia";"-";"2107";"3708";"3506";"1823";"4235";"5185";"3529";"3825";"4938";"5321";"5526";"6009";"3875";"5814";"6150";"6932";"6194";"6234";"6196";"6655";"6469"
"MU";"5100359";"      Alto Boa Vista";"-";"-";"4500";"-";"-";"-";"4800";"-";"3600";"5880";"5880";"5880";"5700";"2040";"5700";"5700";"5700";"5700";"4000";"5700";"6600";"6750"
"MU";"5101852";"      Bom Jesus do Araguaia";"-";"-";"-";"-";"-";"4800";"5400";"3000";"3600";"4800";"4800";"5812";"6300";"4500";"6214";"6300";"7140";"6271";"6262";"6300";"6600";"6339"
"MU";"5102694";"      Canabrava do Norte";"-";"-";"3900";"3600";"1800";"-";"-";"-";"3000";"5400";"5000";"6000";"5400";"4800";"5400";"6600";"6900";"5400";"6000";"6000";"6780";"6600"
"MU";"5103353";"      Confresa";"-";"-";"-";"-";"-";"-";"-";"-";"3000";"4800";"5400";"5400";"6000";"4800";"5400";"6600";"6300";"5700";"6000";"6000";"6780";"6600"
"MU";"5105309";"      Luciara";"-";"-";"-";"-";"-";"-";"-";"-";"-";"-";"-";"-";"-";"-";"-";"4286";"4286";"-";"-";"-";"-";"-"
"MU";"5106315";"      Novo Santo Antônio";"-";"-";"-";"-";"-";"-";"-";"-";"-";"-";"-";"-";"-";"-";"-";"5100";"5100";"5100";"5100";"5100";"6600";"5100"
"MU";"5106778";"      Porto Alegre do Norte";"-";"2500";"2090";"-";"-";"-";"-";"-";"3600";"5400";"5000";"6000";"6000";"4800";"5400";"6000";"7200";"6000";"7000";"6333";"6780";"6600"
"MU";"5107180";"      Ribeirão Cascalheira";"-";"-";"-";"-";"-";"3600";"4868";"3000";"2580";"4200";"6000";"6000";"6300";"1800";"5700";"6000";"6000";"5400";"5400";"5100";"6000";"6600"
"MU";"5107743";"      Santa Cruz do Xingu";"-";"-";"-";"-";"-";"-";"2350";"-";"2800";"4200";"5400";"5400";"6000";"4800";"5400";"6000";"6900";"6600";"7000";"6500";"7080";"6600"
"MU";"5107776";"      Santa Terezinha";"-";"-";"-";"-";"-";"3800";"7135";"-";"-";"5280";"5400";"5400";"5400";"4800";"5000";"4800";"5100";"6300";"6000";"5367";"6960";"6600"
"MU";"5107859";"      São Félix do Araguaia";"-";"-";"-";"2381";"2381";"4167";"4243";"3600";"5400";"5625";"5700";"5120";"6300";"2880";"6252";"6300";"7380";"6300";"6284";"6295";"6600";"6293"
"MU";"5107354";"      São José do Xingu";"-";"2100";"-";"-";"-";"-";"-";"-";"3000";"4200";"5400";"5400";"5400";"4800";"5400";"6000";"6900";"6600";"7000";"6500";"6780";"6600"
"MU";"5107883";"      Serra Nova Dourada";"-";"-";"-";"-";"-";"-";"3429";"-";"-";"-";"-";"-";"5400";"2100";"5400";"5400";"5400";"5400";"5400";"5400";"6600";"6600"
"MU";"5108600";"      Vila Rica";"-";"-";"-";"-";"-";"-";"-";"-";"3000";"5400";"5400";"5400";"5400";"4800";"6600";"6000";"6936";"6300";"6000";"6300";"6780";"6600"
"MI";"51010";"    Canarana";"3670";"3815";"3470";"4781";"4781";"4202";"4677";"3764";"4328";"5540";"5873";"5527";"6397";"2484";"5837";"5459";"5875";"6551";"5628";"5294";"6213";"6619"
"MU";"5100201";"      Água Boa";"-";"3000";"2400";"-";"-";"3600";"4200";"2700";"4200";"4500";"4800";"4800";"6600";"2100";"4800";"5100";"6300";"5700";"5700";"5100";"5880";"6600"
"MU";"5102603";"      Campinápolis";"-";"-";"-";"-";"-";"-";"-";"...";"...";"...";"4800";"4800";"6000";"2100";"5100";"5400";"6000";"6000";"5400";"5100";"6120";"6600"
"MU";"5102702";"      Canarana";"2000";"-";"2915";"-";"-";"5000";"5000";"3000";"4200";"4980";"5880";"5956";"6600";"1815";"5704";"5100";"6300";"6600";"5900";"5100";"6120";"6700"
"MU";"5106174";"      Nova Nazaré";"-";"-";"-";"-";"-";"-";"2795";"...";"...";"-";"4800";"4800";"5700";"2100";"4800";"5100";"6300";"5700";"5400";"5100";"6000";"5900"
"MU";"5106257";"      Nova Xavantina";"-";"-";"-";"-";"...";"2700";"-";"1800";"3600";"4800";"5400";"5400";"6000";"1692";"5100";"6000";"6000";"6000";"3000";"5100";"6120";"6000"
"MU";"5106281";"      Novo São Joaquim";"4277";"4319";"4104";"5000";"5000";"3600";"4854";"4270";"3900";"6000";"5700";"6000";"5700";"3300";"6305";"6000";"6000";"7200";"5121";"5417";"6255";"6900"
"MU";"5107065";"      Querência";"-";"3000";"-";"-";"-";"4800";"-";"3000";"4200";"5700";"5989";"5082";"6600";"2283";"5981";"5390";"5075";"6600";"5700";"5100";"6180";"6600"
"MU";"5107792";"      Santo Antônio do Leste";"4319";"3507";"3034";"4530";"4530";"4000";"3268";"4320";"4972";"6000";"6300";"6000";"6240";"3800";"6013";"5700";"6600";"6600";"5580";"6300";"6840";"6600"
"MI";"51011";"    Médio Araguaia";"-";"-";"-";"-";"-";"3800";"-";"-";"3600";"3716";"-";"6319";"6319";"4332";"5069";"4361";"4720";"5752";"5114";"6000";"5990";"5453"
"MU";"5101001";"      Araguaiana";"-";"-";"-";"-";"-";"-";"-";"-";"-";"-";"-";"-";"...";"...";"3600";"4500";"4707";"5734";"5238";"6000";"7200";"5700"
"MU";"5101803";"      Barra do Garças";"-";"-";"-";"-";"-";"3800";"-";"...";"3600";"3716";"...";"6319";"6319";"4200";"6255";"4800";"5100";"6600";"5100";"6000";"5800";"5700"
"MU";"5103106";"      Cocalinho";"-";"-";"-";"-";"-";"-";"-";"-";"-";"...";"...";"-";"...";"4800";"5400";"3800";"3800";"4800";"5100";"6000";"5700";"4200"
"ME";"5103";"  Sudoeste Mato-grossense";"3000";"2961";"3130";"4380";"4141";"3680";"4966";"3428";"3230";"5322";"5153";"5026";"5190";"4683";"5694";"5380";"6133";"5532";"5218";"4986";"6386";"6027"
"MI";"51012";"    Alto Guaporé";"3000";"2500";"-";"1563";"1563";"2964";"4518";"3000";"3000";"3857";"3614";"4277";"5083";"4536";"4885";"5588";"5913";"5274";"4915";"5350";"6228";"6578"
"MU";"5103361";"      Conquista D'Oeste";"-";"2500";"-";"-";"-";"-";"-";"-";"-";"-";"-";"-";"5100";"3587";"5400";"6000";"6000";"5880";"5100";"5100";"6350";"6600"
"MU";"5106182";"      Nova Lacerda";"3000";"-";"-";"-";"-";"4180";"4579";"3000";"3000";"3000";"3000";"4200";"5100";"4200";"4800";"7014";"6000";"5100";"4800";"5300";"6400";"6500"
"MU";"5106752";"      Pontes e Lacerda";"-";"-";"-";"1600";"1600";"2000";"-";"3000";"3000";"4200";"4000";"4800";"5400";"5100";"5100";"5400";"5700";"5400";"5100";"5300";"6350";"6600"
"MU";"5108352";"      Vale de São Domingos";"-";"-";"-";"-";"-";"-";"4516";"-";"-";"-";"-";"-";"...";"4200";"-";"4900";"-";"-";"-";"-";"-";"-"
"MU";"5105507";"      Vila Bela da Santíssima Trindade";"-";"-";"-";"1500";"1500";"2000";"-";"3000";"3000";"4200";"3500";"3500";"4800";"4440";"4440";"5400";"6000";"5100";"4800";"5500";"6000";"6600"
"MI";"51013";"    Tangará da Serra";"3000";"3000";"3052";"4454";"4192";"3750";"4206";"3600";"3306";"5852";"5567";"5408";"5286";"4746";"5942";"5387";"6268";"5685";"5387";"4793";"6507";"5827"
"MU";"5101704";"      Barra do Bugres";"-";"-";"1605";"2000";"2000";"-";"-";"-";"-";"-";"-";"-";"2500";"2500";"2500";"3000";"4200";"4200";"3500";"3599";"4200";"4200"
"MU";"5103452";"      Denise";"-";"-";"-";"-";"-";"-";"-";"-";"-";"1500";"...";"...";"3511";"3511";"4808";"8000";"5109";"4824";"5049";"5043";"5500";"5371"
"MU";"5106232";"      Nova Olímpia";"-";"-";"-";"-";"1440";"-";"2533";"-";"-";"-";"-";"-";"-";"-";"-";"8000";"6000";"6000";"7000";"5609";"5812";"6003"
"MU";"5106851";"      Porto Estrela";"-";"-";"-";"-";"-";"-";"3030";"-";"-";"-";"-";"-";"-";"2000";"2500";"2800";"3200";"3500";"3500";"3500";"3600";"3500"
"MU";"5107958";"      Tangará da Serra";"3000";"3000";"3079";"4500";"4500";"3750";"4265";"3600";"3306";"5853";"5567";"5408";"5393";"4800";"5976";"5400";"6301";"5700";"5401";"4801";"6540";"5881"
"MI";"51014";"    Jauru";"-";"2429";"6405";"6212";"6212";"3505";"5247";"3000";"3679";"4765";"4162";"4102";"4044";"4485";"4699";"2229";"5071";"5625";"5570";"5339";"5686";"4543"
"MU";"5101258";"      Araputanga";"-";"-";"-";"-";"-";"-";"-";"-";"-";"-";"-";"4000";"5000";"5000";"6000";"2400";"-";"-";"-";"-";"-";"-"
"MU";"5103809";"      Figueirópolis D'Oeste";"-";"-";"-";"-";"-";"-";"-";"3000";"3000";"3000";"3000";"2800";"-";"-";"-";"-";"-";"-";"-";"-";"-";"-"
"MU";"5103957";"      Glória D'Oeste";"-";"-";"4000";"5600";"5600";"-";"-";"-";"-";"-";"-";"-";"-";"-";"-";"-";"-";"-";"-";"-";"-";"-"
"MU";"5104500";"      Indiavaí";"-";"-";"-";"-";"-";"-";"-";"-";"-";"-";"-";"-";"-";"-";"-";"-";"-";"-";"-";"-";"-";"-"
"MU";"5105002";"      Jauru";"-";"-";"-";"-";"-";"-";"-";"-";"-";"-";"-";"-";"-";"-";"-";"-";"-";"-";"-";"-";"-";"-"
"MU";"5105234";"      Lambari D'Oeste";"-";"-";"-";"-";"-";"3900";"-";"-";"-";"-";"-";"-";"-";"-";"-";"1200";"5100";"6000";"6000";"6000";"3000";"5000"
"MU";"5105622";"      Mirassol d'Oeste";"-";"2500";"-";"-";"-";"3400";"-";"3000";"4000";"6000";"4710";"4537";"4080";"3000";"3497";"-";"-";"-";"-";"-";"-";"-"
"MU";"5106828";"      Porto Esperidião";"-";"2000";"-";"-";"-";"-";"3306";"-";"-";"-";"-";"-";"-";"-";"-";"-";"-";"-";"-";"-";"-";"-"
"MU";"5107156";"      Reserva do Cabaçal";"-";"-";"-";"-";"-";"-";"5414";"-";"-";"-";"-";"-";"-";"-";"-";"-";"-";"-";"-";"-";"...";"-"
"MU";"5107206";"      Rio Branco";"-";"-";"-";"-";"-";"-";"3104";"-";"-";"-";"-";"-";"-";"-";"-";"-";"-";"-";"-";"-";"-";"-"
"MU";"5107750";"      Salto do Céu";"-";"-";"-";"-";"-";"-";"4310";"-";"-";"-";"-";"-";"-";"4800";"4560";"3000";"4800";"6000";"5400";"4919";"6300";"4500"
"MU";"5107107";"      São José dos Quatro Marcos";"-";"-";"6972";"6500";"6500";"-";"5504";"-";"-";"-";"3500";"3500";"3500";"-";"6000";"-";"5400";"5000";"5400";"5267";"5100";"4400"
"ME";"5104";"  Centro-Sul Mato-grossense";"3989";"3495";"3833";"4423";"4136";"4787";"4498";"4678";"3927";"5806";"4755";"4940";"5977";"5065";"6060";"5815";"5714";"5897";"5498";"5176";"6052";"6022"
"MI";"51015";"    Alto Paraguai";"3476";"3115";"1774";"3854";"3854";"4127";"3999";"3964";"3300";"5353";"5142";"5137";"5696";"4797";"5124";"5362";"5405";"5859";"5241";"4993";"6515";"5987"
"MU";"5100508";"      Alto Paraguai";"3600";"-";"1800";"4200";"4200";"4200";"4200";"3900";"3300";"4800";"5400";"4800";"4800";"4800";"4800";"4800";"5100";"5700";"5400";"5100";"6300";"6000"
"MU";"5101308";"      Arenápolis";"-";"-";"-";"-";"-";"-";"4800";"...";"3300";"5400";"5400";"4500";"4500";"4500";"4800";"4800";"5100";"6000";"5400";"4800";"6480";"6000"
"MU";"5106000";"      Nortelândia";"3000";"3000";"1659";"3840";"3840";"3900";"2000";"3900";"3300";"5400";"5400";"4800";"4800";"4800";"4500";"4800";"5100";"6000";"5100";"5100";"6300";"6333"
"MU";"5108857";"      Nova Marilândia";"3900";"3150";"1770";"3300";"3300";"4200";"4011";"4200";"3000";"5700";"5400";"5880";"6000";"4800";"5400";"6000";"6300";"5700";"5700";"4800";"6900";"5900"
"MU";"5107263";"      Santo Afonso";"-";"-";"2167";"3179";"3179";"3900";"-";"4000";"3800";"4800";"4260";"4792";"6000";"4800";"5700";"5400";"5100";"5700";"5400";"4800";"7080";"5400"
"MI";"51016";"    Rosário Oeste";"-";"-";"2100";"3000";"3000";"2600";"4617";"-";"4020";"4200";"4200";"4200";"5596";"5503";"8029";"5301";"5484";"5588";"4116";"4800";"4797";"5282"
"MU";"5100102";"      Acorizal";"-";"-";"-";"-";"-";"-";"-";"-";"-";"-";"-";"-";"-";"-";"-";"-";"-";"...";"...";"...";"...";"..."
"MU";"5104906";"      Jangada";"-";"-";"-";"-";"-";"2600";"-";"-";"-";"-";"-";"-";"-";"-";"-";"6000";"5400";"4229";"4286";"4800";"4560";"4800"
"MU";"5107701";"      Rosário Oeste";"-";"-";"2100";"3000";"3000";"-";"4617";"-";"4020";"4200";"4200";"4200";"5596";"5503";"8029";"5296";"5485";"5700";"4098";"4800";"4800";"5285"
"MI";"51017";"    Cuiabá";"4117";"3510";"4102";"4631";"4268";"5047";"6066";"5180";"4418";"6438";"4695";"5149";"6426";"5380";"7346";"6316";"5990";"6071";"6132";"5435";"6027";"6374"
"MU";"5103007";"      Chapada dos Guimarães";"2400";"4200";"3989";"5400";"3947";"4990";"6174";"4108";"3967";"6567";"4377";"5529";"6600";"5400";"7321";"6000";"6000";"6120";"6040";"6000";"6140";"6100"
"MU";"5103403";"      Cuiabá";"-";"-";"-";"-";"-";"-";"-";"-";"-";"-";"-";"-";"-";"-";"-";"-";"-";"...";"...";"...";"6100";"6121"
"MU";"5106109";"      Nossa Senhora do Livramento";"-";"-";"-";"-";"-";"-";"4111";"-";"-";"-";"-";"-";"4733";"3300";"4200";"5020";"5250";"5700";"5400";"4502";"4264";"4648"
"MU";"5107800";"      Santo Antônio de Leverger";"4800";"3000";"4236";"3720";"4559";"5094";"-";"6025";"4889";"6302";"5031";"4800";"6300";"5400";"7410";"6960";"6000";"6000";"6320";"5000";"6000";"6600"
"MU";"5108402";"      Várzea Grande";"-";"-";"-";"-";"-";"-";"-";"-";"-";"-";"-";"-";"-";"-";"-";"-";"-";"-";"-";"-";"-";"-"
"MI";"51018";"    Alto Pantanal";"-";"-";"-";"-";"-";"2750";"4317";"3000";"3624";"4232";"3500";"4061";"4439";"4200";"4973";"4981";"7084";"5524";"5296";"5413";"7286";"4125"
"MU";"5101605";"      Barão de Melgaço";"-";"-";"-";"-";"-";"-";"-";"-";"10000";"-";"-";"-";"-";"-";"-";"-";"-";"...";"...";"5000";"5700";"5700"
"MU";"5102504";"      Cáceres";"-";"-";"-";"-";"-";"0";"3000";"3000";"3200";"4200";"3500";"4000";"5100";"4200";"5000";"5000";"7380";"6000";"5500";"5500";"7800";"4000"
"MU";"5103437";"      Curvelândia";"-";"-";"-";"-";"-";"-";"-";"-";"-";"-";"-";"-";"-";"-";"-";"-";"-";"-";"-";"-";"-";"-"
"MU";"5106505";"      Poconé";"-";"-";"-";"-";"-";"2750";"4373";"-";"6000";"7600";"-";"6186";"2786";"4200";"4800";"4800";"4800";"4080";"3900";"4948";"3888";"4971"
"ME";"5105";"  Sudeste Mato-grossense";"4001";"4450";"3765";"4223";"4133";"4389";"4583";"4466";"4206";"6117";"5760";"6019";"6392";"4598";"6269";"5917";"6675";"6508";"5662";"6236";"6939";"6658"
"MI";"51019";"    Primavera do Leste";"4506";"4835";"4246";"4635";"4661";"4616";"5123";"4907";"4267";"6018";"6053";"6062";"6222";"4701";"6351";"5915";"6714";"6600";"5603";"6300";"7140";"6990"
"MU";"5102678";"      Campo Verde";"4796";"5127";"4374";"4730";"4752";"4415";"5123";"5080";"4234";"6021";"6032";"6021";"6023";"5400";"6326";"5719";"6594";"6600";"5640";"6300";"6900";"6600"
"MU";"5107040";"      Primavera do Leste";"4162";"4347";"3924";"4393";"4427";"4821";"-";"4750";"4293";"6015";"6069";"6096";"6374";"4147";"6372";"6097";"6810";"6600";"5580";"6300";"7260";"7200"
"MI";"51020";"    Tesouro";"3274";"4228";"3224";"4237";"4237";"4677";"4176";"4056";"4239";"6209";"5900";"6312";"6523";"3944";"5941";"5979";"6611";"6564";"5835";"5954";"6596";"6296"
"MU";"5101209";"      Araguainha";"...";"-";"-";"-";"-";"-";"-";"-";"...";"-";"-";"5400";"7200";"4500";"5100";"5100";"5200";"5200";"6000";"6600";"5800";"6600"
"MU";"5103908";"      General Carneiro";"-";"-";"6000";"-";"-";"5500";"2700";"3000";"3600";"5703";"5441";"6184";"6184";"2880";"5416";"6000";"6600";"6600";"5400";"5400";"6000";"6000"
"MU";"5104203";"      Guiratinga";"3600";"4530";"2400";"4323";"4323";"3600";"3600";"3900";"4000";"6000";"6033";"6600";"6900";"4200";"6300";"6000";"6900";"6480";"5700";"6100";"6900";"6300"
"MU";"5106653";"      Pontal do Araguaia";"-";"-";"-";"-";"-";"-";"3000";"-";"-";"-";"...";"...";"...";"...";"6000";"3800";"4800";"6000";"5100";"5400";"5851";"5400"
"MU";"5106703";"      Ponte Branca";"-";"-";"-";"-";"-";"-";"3531";"-";"...";"...";"...";"...";"...";"...";"...";"...";"...";"...";"...";"...";"...";"4800"
"MU";"5107008";"      Poxoréu";"3205";"4050";"3780";"3730";"3730";"4800";"3163";"4700";"4354";"6030";"5668";"6000";"6316";"3900";"6034";"6038";"6600";"6600";"5400";"6300";"6840";"6600"
"MU";"5107198";"      Ribeirãozinho";"-";"-";"-";"-";"-";"3600";"-";"4800";"4200";"7200";"7200";"6000";"6300";"4800";"5580";"5700";"5760";"6300";"8000";"6000";"6100";"6300"
"MU";"5108105";"      Tesouro";"3000";"4200";"2400";"5130";"5130";"4200";"5165";"4200";"5400";"7200";"6600";"6900";"6900";"4800";"6100";"6000";"6780";"6400";"5600";"6100";"7100";"6600"
"MU";"5108204";"      Torixoréu";"-";"-";"-";"-";"-";"-";"4947";"4200";"-";"4800";"5100";"6000";"6000";"4800";"7032";"6600";"6600";"8400";"5100";"5400";"6000";"5400"
"MI";"51021";"    Rondonópolis";"3599";"4168";"3221";"3681";"3564";"3650";"4711";"4238";"3892";"6218";"5105";"5539";"6386";"4570";"6370";"5906";"6551";"6408";"5586";"6113";"6998";"6399"
"MU";"5103601";"      Dom Aquino";"4104";"4681";"4147";"3910";"3984";"6000";"4200";"4750";"4200";"6000";"5718";"6055";"5456";"4085";"6000";"5700";"6591";"6000";"5400";"6300";"6840";"6600"
"MU";"5104609";"      Itiquira";"3090";"3700";"1620";"2955";"2955";"3030";"4200";"3780";"3600";"6300";"4800";"5100";"6600";"4800";"6600";"6000";"6400";"6420";"5600";"6100";"7080";"6300"
"MU";"5104807";"      Jaciara";"4500";"4754";"4260";"4560";"4560";"4200";"5403";"5400";"4607";"6042";"5744";"5740";"5744";"4290";"5700";"5700";"6600";"6600";"5640";"6000";"6900";"6300"
"MU";"5105200";"      Juscimeira";"3518";"3573";"3598";"4126";"4126";"4200";"5400";"4500";"4560";"5800";"5400";"5700";"5700";"4000";"5700";"5400";"6600";"6600";"5640";"6000";"6840";"6300"
"MU";"5106372";"      Pedra Preta";"3137";"5100";"2400";"3600";"2541";"2646";"5008";"4800";"3600";"7500";"6023";"6600";"6600";"4200";"6850";"6000";"6780";"6420";"5600";"6100";"7080";"6900"
"MU";"5107602";"      Rondonópolis";"2880";"2400";"3000";"3300";"3300";"2400";"-";"3800";"3800";"5760";"4800";"5700";"6600";"4800";"6100";"6000";"6780";"6420";"5600";"6180";"6900";"6300"
"MU";"5107297";"      São José do Povo";"-";"-";"-";"-";"-";"-";"1500";"-";"-";"-";"-";"-";"-";"-";"-";"-";"-";"-";"-";"-";"-";"-"
"MU";"5107404";"      São Pedro da Cipa";"-";"-";"-";"-";"-";"-";"3100";"-";"-";"-";"3900";"5400";"5400";"4000";"5400";"5400";"6300";"6300";"5400";"6000";"6600";"5400"
"MI";"51022";"    Alto Araguaia";"3711";"4083";"3370";"4416";"3517";"4818";"4122";"3966";"4800";"5971";"6658";"6705";"6654";"5082";"6246";"5872";"6944";"6459";"5776";"6828";"6642";"6862"
"MU";"5100300";"      Alto Araguaia";"3000";"4200";"3000";"3600";"3600";"3000";"3000";"3000";"4800";"7200";"6000";"6000";"6000";"4800";"6200";"6000";"7200";"6480";"5600";"6000";"6160";"6600"
"MU";"5100409";"      Alto Garças";"4200";"5203";"3000";"4800";"2927";"4000";"4200";"4200";"4800";"6000";"6914";"6600";"6300";"4800";"6200";"5700";"6600";"6360";"5600";"6600";"6200";"6900"
"MU";"5100607";"      Alto Taquari";"3600";"3600";"3600";"4200";"4200";"5400";"4200";"4200";"4800";"5700";"6600";"7020";"7200";"5400";"8100";"6000";"7200";"6550";"6000";"7200";"7200";"6900"
